user_id,avg_monthly_income_6m,income_volatility_score,avg_monthly_expenses,monthly_obligations,ending_balance_avg,cashflow_stability_score,proposed_installment_amount,obligation_to_income_ratio,avg_monthly_surplus,affordability_label
1,23343,68,16307,8480,25263,71,557,0.39,-1444,Not Suitable
2,18714,79,10482,5762,11693,85,1426,0.38,2470,Suitable with Caution
3,20085,31,15571,3897,9635,50,2842,0.34,617,Suitable with Caution
4,24314,78,14438,229,8108,94,352,0.02,9647,Suitable
5,18483,7,12687,1437,18225,95,448,0.1,4359,Suitable
6,6485,6,4904,841,20013,93,1781,0.4,740,Suitable with Caution
7,5298,66,4015,7,19894,94,2854,0.54,1276,Not Suitable
8,13059,21,4577,843,23005,80,327,0.09,7639,Suitable
9,6154,43,2318,148,4748,62,387,0.09,3688,Suitable
10,15550,7,10865,3483,19076,68,2584,0.39,1202,Suitable with Caution
11,12779,64,5254,2543,5625,71,2924,0.43,4982,Suitable with Caution
12,5247,70,3770,567,20368,67,2759,0.63,910,Not Suitable
13,4132,38,1567,1201,22105,71,2006,0.78,1364,Not Suitable
14,9917,41,4730,336,5056,68,2386,0.27,4851,Suitable
15,19705,74,12733,340,21522,65,1075,0.07,6632,Suitable
16,22116,50,17021,7862,22587,87,1310,0.41,-2767,Not Suitable
17,11403,73,8624,1728,9835,74,2536,0.37,1051,Suitable with Caution
18,23623,9,13203,1153,8211,71,458,0.07,9267,Suitable
19,8918,79,6687,1874,10218,82,332,0.25,357,Not Suitable
20,15630,15,10034,2979,3519,89,510,0.22,2617,Suitable
21,22901,52,13979,1043,11382,99,2858,0.17,7879,Suitable
22,14982,25,9945,3231,14700,69,2566,0.39,1806,Suitable with Caution
23,20485,45,11937,4411,9153,67,656,0.25,4137,Suitable
24,22780,33,12225,7154,4572,84,2089,0.41,3401,Suitable with Caution
25,18192,35,7500,2041,1703,91,811,0.16,8651,Suitable
26,20490,30,9977,2438,21904,49,389,0.14,8075,Suitable with Caution
27,20024,8,9223,1798,3906,78,2911,0.24,9003,Suitable
28,15146,6,8167,979,3423,89,510,0.1,6000,Suitable
29,9915,75,6935,1006,23767,64,1139,0.22,1974,Suitable
30,19589,34,13936,7547,23287,62,2311,0.5,-1894,Not Suitable
31,17782,17,12731,786,25497,74,418,0.07,4265,Suitable
32,20685,16,11548,6299,7459,42,1682,0.39,2838,Suitable with Caution
33,22976,48,14581,3476,26578,80,512,0.17,4919,Suitable
34,20785,30,12171,6022,6159,46,2948,0.43,2592,Suitable with Caution
35,10214,55,5638,2570,13234,87,1567,0.41,2006,Suitable with Caution
36,17459,47,7959,207,20249,85,850,0.06,9293,Suitable
37,4816,21,2904,1638,14919,62,1264,0.6,274,Not Suitable
38,20712,10,11307,2598,21838,68,1404,0.19,6807,Suitable
39,19931,53,8087,1682,22524,98,595,0.11,10162,Suitable
40,4252,15,2314,1294,29000,69,1956,0.76,644,Not Suitable
41,5072,14,2503,1828,19481,95,1149,0.59,741,Not Suitable
42,13204,73,5827,4448,15996,94,659,0.39,2929,Suitable with Caution
43,8445,61,3186,474,1746,63,2624,0.37,4785,Suitable with Caution
44,9215,75,6598,1177,22669,87,3000,0.45,1440,Suitable with Caution
45,20897,33,11987,2157,15782,83,623,0.13,6753,Suitable
46,12576,23,6047,1600,11232,93,2224,0.3,4929,Suitable
47,21471,31,8947,5452,17669,44,2902,0.39,7072,Suitable with Caution
48,14383,20,8211,2214,29403,41,1074,0.23,3958,Suitable with Caution
49,16860,59,11144,2505,9506,89,2518,0.3,3211,Suitable
50,19147,78,13890,298,20525,72,2784,0.16,4959,Suitable
51,7088,42,4400,89,3424,41,2516,0.37,2599,Suitable with Caution
52,21058,65,8460,2705,18293,100,1486,0.2,9893,Suitable
53,4683,36,3252,1669,9556,88,2439,0.88,-238,Not Suitable
54,13467,9,9765,3771,9180,61,2437,0.46,-69,Not Suitable
55,17520,62,10318,2186,29053,83,1517,0.21,5016,Suitable
56,17540,17,6906,5437,28920,78,1139,0.37,5197,Suitable with Caution
57,19891,46,12404,2890,15050,58,2798,0.29,4597,Suitable with Caution
58,16918,56,7780,5539,7227,43,667,0.37,3599,Suitable with Caution
59,11734,7,6723,872,23485,52,1071,0.17,4139,Suitable with Caution
60,4472,32,2739,1410,27471,100,1335,0.61,323,Not Suitable
61,13708,80,7383,4573,6749,65,945,0.4,1752,Suitable with Caution
62,10925,11,6251,3428,18020,99,901,0.4,1246,Suitable with Caution
63,17278,28,6148,5970,27729,76,1811,0.45,5160,Suitable with Caution
64,6568,59,4306,1293,16427,51,2786,0.62,969,Not Suitable
65,10559,34,5068,2811,15450,79,2443,0.5,2680,Suitable with Caution
66,8514,19,3794,2603,24513,50,1074,0.43,2117,Suitable with Caution
67,12077,16,7438,4571,6067,58,2616,0.6,68,Not Suitable
68,12864,6,7027,3351,21485,75,948,0.33,2486,Suitable
69,13671,8,9648,1490,21606,72,2669,0.3,2533,Suitable
70,22356,39,17499,6177,12723,98,2713,0.4,-1320,Not Suitable
71,6453,35,3419,1441,10361,73,971,0.37,1593,Suitable with Caution
72,14356,71,8128,952,7646,61,1689,0.18,5276,Suitable
73,14617,61,9571,839,16536,85,1166,0.14,4207,Suitable
74,23714,51,9219,2553,18431,67,1771,0.18,11942,Suitable
75,19983,60,15668,1003,22819,73,1979,0.15,3312,Suitable
76,22368,39,14752,1683,5986,78,996,0.12,5933,Suitable
77,18534,56,11606,221,27536,71,696,0.05,6707,Suitable
78,10267,51,7642,2078,14751,65,2456,0.44,547,Suitable with Caution
79,14837,27,7697,4192,16226,46,2751,0.47,2948,Suitable with Caution
80,24753,73,18652,3071,7480,93,2145,0.21,3030,Suitable
81,11457,56,7185,4175,16740,76,2227,0.56,97,Not Suitable
82,8427,66,5911,622,8329,58,387,0.12,1894,Suitable with Caution
83,12775,52,4763,1141,12879,86,2330,0.27,6871,Suitable
84,4285,33,1772,1429,5593,67,2714,0.97,1084,Not Suitable
85,8949,7,6722,587,22349,55,1701,0.26,1640,Suitable with Caution
86,21835,33,15524,1889,28914,42,537,0.11,4422,Suitable with Caution
87,17725,56,13908,5036,20435,100,1780,0.38,-1219,Not Suitable
88,10653,27,6344,3775,6868,95,2098,0.55,534,Not Suitable
89,23781,7,11477,2552,29226,94,386,0.12,9752,Suitable
90,14047,15,8662,4465,1866,84,1039,0.39,920,Suitable with Caution
91,12747,18,6294,2020,29909,65,833,0.22,4433,Suitable
92,14720,25,7927,871,27781,97,1235,0.14,5922,Suitable
93,23069,23,10035,5959,10079,92,428,0.28,7075,Suitable
94,20934,5,13792,1361,17534,88,822,0.1,5781,Suitable
95,18804,33,10687,2802,27020,75,1653,0.24,5315,Suitable
96,15857,43,9042,3854,11552,71,1795,0.36,2961,Suitable with Caution
97,13151,25,5561,5226,3846,50,1052,0.48,2364,Suitable with Caution
98,4458,65,1828,1417,15164,83,2552,0.89,1213,Not Suitable
99,11310,55,4812,661,13829,79,1083,0.15,5837,Suitable
100,13205,5,10191,3433,17206,91,2611,0.46,-419,Not Suitable
101,11946,50,6578,903,9335,60,1788,0.23,4465,Suitable with Caution
102,13964,40,10351,1,18196,64,1154,0.08,3612,Suitable
103,22573,56,14168,6709,21782,42,1702,0.37,1696,Suitable with Caution
104,12601,24,9943,3711,11409,50,2980,0.53,-1053,Not Suitable
105,15309,24,5876,3708,17747,52,2463,0.4,5725,Suitable with Caution
106,15179,28,7027,4748,12963,46,328,0.33,3404,Suitable with Caution
107,12625,45,9249,2119,25773,68,626,0.22,1257,Suitable with Caution
108,9404,71,5515,2063,21713,70,2166,0.45,1826,Suitable with Caution
109,15832,21,6369,2081,28563,58,1228,0.21,7382,Suitable with Caution
110,6251,40,4962,1145,4254,65,1262,0.39,144,Not Suitable
111,16220,37,10646,6231,16262,72,2976,0.57,-657,Not Suitable
112,22282,13,13399,8543,21411,54,1871,0.47,340,Not Suitable
113,24744,14,9851,4064,26780,71,1883,0.24,10829,Suitable
114,21866,21,11058,7533,18343,86,2203,0.45,3275,Suitable with Caution
115,22213,20,8329,8603,9265,98,1933,0.47,5281,Suitable with Caution
116,7745,48,5153,752,24379,52,1417,0.28,1840,Suitable with Caution
117,23177,26,9453,7017,9633,55,2255,0.4,6707,Suitable with Caution
118,15671,36,10866,3671,12865,86,863,0.29,1134,Suitable with Caution
119,6094,69,3524,342,18221,74,1888,0.37,2228,Suitable with Caution
120,21852,7,11429,1447,28831,69,2415,0.18,8976,Suitable
121,21584,46,7725,1212,29891,68,2627,0.18,12647,Suitable
122,10838,50,6369,1666,11599,43,1781,0.32,2803,Suitable with Caution
123,9098,16,6059,2208,20911,84,1291,0.38,831,Suitable with Caution
124,18106,48,11093,1990,24785,68,1120,0.17,5023,Suitable
125,14698,72,7376,4539,7161,71,2156,0.46,2783,Suitable with Caution
126,15411,36,7221,6058,3589,75,2051,0.53,2132,Not Suitable
127,23274,18,15238,5145,15425,50,2724,0.34,2891,Suitable with Caution
128,10963,71,4793,2538,19212,41,1251,0.35,3632,Suitable with Caution
129,7519,5,4607,1305,28160,63,1147,0.33,1607,Suitable
130,14968,22,9331,1136,20562,48,2921,0.27,4501,Suitable with Caution
131,12615,44,5038,517,5953,69,853,0.11,7060,Suitable
132,22264,59,14490,170,3655,95,1509,0.08,7604,Suitable
133,23529,26,13555,1031,23309,79,1528,0.11,8943,Suitable
134,12009,69,9326,4422,22088,69,2026,0.54,-1739,Not Suitable
135,19745,58,13873,2481,12025,88,830,0.17,3391,Suitable
136,24157,32,9560,648,23203,91,972,0.07,13949,Suitable
137,13520,60,5154,1980,24895,89,1333,0.25,6386,Suitable
138,16394,29,7077,1729,5928,76,1084,0.17,7588,Suitable
139,18499,6,10529,7072,3803,79,1893,0.48,898,Suitable with Caution
140,20637,24,14352,4928,6471,84,838,0.28,1357,Suitable with Caution
141,10352,45,6410,1750,26193,53,1205,0.29,2192,Suitable with Caution
142,12551,6,9021,497,2637,56,1332,0.15,3033,Suitable with Caution
143,21792,56,10108,7943,12124,40,1133,0.42,3741,Suitable with Caution
144,23374,16,8801,2342,14237,74,2661,0.21,12231,Suitable
145,7186,39,4543,2855,13947,49,423,0.46,-212,Not Suitable
146,16973,78,13444,1246,15621,52,1804,0.18,2283,Suitable with Caution
147,12803,64,8293,1604,22124,82,2934,0.35,2906,Suitable with Caution
148,15992,38,8013,5460,6684,84,1322,0.42,2519,Suitable with Caution
149,11743,21,9382,3159,17676,63,1128,0.37,-798,Not Suitable
150,14610,8,5364,2455,26427,63,673,0.21,6791,Suitable
151,13995,50,8401,2624,14134,78,2716,0.38,2970,Suitable with Caution
152,22089,62,16448,4705,4050,91,510,0.24,936,Suitable with Caution
153,15303,25,10189,5337,3512,90,655,0.39,-223,Not Suitable
154,23164,32,10500,7813,27573,71,2541,0.45,4851,Suitable with Caution
155,4839,71,1800,324,27452,71,2800,0.65,2715,Not Suitable
156,22802,31,11108,5251,8240,70,1993,0.32,6443,Suitable
157,18200,43,11209,699,20376,100,1137,0.1,6292,Suitable
158,14363,34,6264,3759,7030,88,2831,0.46,4340,Suitable with Caution
159,13569,65,8178,3927,7654,89,1166,0.38,1464,Suitable with Caution
160,15975,32,9805,2687,23237,83,2486,0.32,3483,Suitable
161,6263,80,2697,1783,9770,53,2117,0.62,1783,Not Suitable
162,23915,16,19001,2607,11686,96,2078,0.2,2307,Suitable
163,4747,53,3454,199,7332,89,2455,0.56,1094,Not Suitable
164,8026,68,5114,743,14716,44,1334,0.26,2169,Suitable with Caution
165,20158,67,12959,3786,4311,68,2506,0.31,3413,Suitable
166,24273,67,11639,199,8596,59,689,0.04,12435,Suitable with Caution
167,13133,19,5996,4208,19171,51,1807,0.46,2929,Suitable with Caution
168,23569,79,17832,2684,24596,69,1852,0.19,3053,Suitable
169,5007,53,2109,535,19029,64,1789,0.46,2363,Suitable with Caution
170,21691,65,11023,3666,15280,87,852,0.21,7002,Suitable
171,9119,5,4064,951,16152,92,1674,0.29,4104,Suitable
172,7640,64,6076,425,3742,45,2115,0.33,1139,Suitable with Caution
173,4392,61,1642,1539,8681,70,1566,0.71,1211,Not Suitable
174,4075,72,2433,1306,3160,79,1100,0.59,336,Not Suitable
175,13628,45,8048,1372,25933,99,1512,0.21,4208,Suitable
176,24592,59,16842,3333,17907,87,546,0.16,4417,Suitable
177,9047,48,3483,1897,11863,90,728,0.29,3667,Suitable
178,23365,62,11827,2005,4479,63,2439,0.19,9533,Suitable
179,10934,21,8251,2490,16138,66,802,0.3,193,Not Suitable
180,18320,33,6565,2316,20332,97,2965,0.29,9439,Suitable
181,17658,40,8555,6272,3108,85,745,0.4,2831,Suitable with Caution
182,24222,41,10289,4926,2592,52,2870,0.32,9007,Suitable with Caution
183,24463,79,10558,4450,1222,40,2664,0.29,9455,Suitable with Caution
184,19401,74,8448,5351,16554,67,2439,0.4,5602,Suitable with Caution
185,19037,21,8239,1408,27802,84,2303,0.19,9390,Suitable
186,4451,52,1941,1329,26579,93,684,0.45,1181,Suitable with Caution
187,18603,34,13227,1604,26229,76,1852,0.19,3772,Suitable
188,14861,9,5610,857,13940,65,2856,0.25,8394,Suitable
189,17216,54,6405,5256,18444,79,931,0.36,5555,Suitable with Caution
190,20346,16,14536,3926,25602,71,1352,0.26,1884,Suitable
191,18242,6,10010,2516,8131,92,2898,0.3,5716,Suitable
192,6885,29,3838,2319,22837,87,1558,0.56,728,Not Suitable
193,17816,15,13166,3716,6597,98,1820,0.31,934,Suitable with Caution
194,22024,48,12804,2603,24796,51,728,0.15,6617,Suitable with Caution
195,14380,36,5320,3121,17203,46,604,0.26,5939,Suitable with Caution
196,6612,23,5009,2291,19443,79,2154,0.67,-688,Not Suitable
197,14496,41,5575,3330,7916,53,642,0.27,5591,Suitable with Caution
198,16395,36,6844,4983,25718,58,1959,0.42,4568,Suitable with Caution
199,14329,43,6745,738,29438,42,621,0.09,6846,Suitable with Caution
200,4318,72,1646,185,14044,52,820,0.23,2487,Suitable with Caution
201,20729,13,11365,582,10766,95,1840,0.12,8782,Suitable
202,13449,41,7900,4859,22956,76,407,0.39,690,Suitable with Caution
203,8605,56,3698,1125,19787,51,2051,0.37,3782,Suitable with Caution
204,18701,33,14861,3880,23486,63,2241,0.33,-40,Not Suitable
205,24074,72,9877,7023,19229,94,875,0.33,7174,Suitable
206,12591,53,8372,2391,20334,92,746,0.25,1828,Suitable
207,22269,79,13476,7734,24524,87,2111,0.44,1059,Suitable with Caution
208,24417,8,8661,667,23137,42,1270,0.08,15089,Suitable with Caution
209,23773,11,18182,2790,29038,40,561,0.14,2801,Suitable with Caution
210,9451,70,6915,2273,20232,75,1566,0.41,263,Not Suitable
211,16965,50,8759,1754,20630,41,304,0.12,6452,Suitable with Caution
212,21957,21,17103,3263,23343,87,1888,0.23,1591,Suitable
213,20025,25,7308,6495,24368,45,2948,0.47,6222,Suitable with Caution
214,19914,27,9918,7860,4429,87,2504,0.52,2136,Not Suitable
215,8562,29,3774,2787,21392,67,1941,0.55,2001,Not Suitable
216,16450,62,6607,23,24638,96,526,0.03,9820,Suitable
217,20924,55,12905,399,14710,68,1418,0.09,7620,Suitable
218,18414,10,12656,3656,16236,62,1428,0.28,2102,Suitable
219,6967,56,2453,2131,10074,77,1370,0.5,2383,Not Suitable
220,11762,18,5444,940,13336,93,2707,0.31,5378,Suitable
221,7161,18,3690,2839,12005,54,2182,0.7,632,Not Suitable
222,19631,40,13366,7486,15311,45,1519,0.46,-1221,Not Suitable
223,7052,66,3323,2337,1849,95,1453,0.54,1392,Not Suitable
224,16619,45,6221,2107,22542,69,1448,0.21,8291,Suitable
225,17922,38,14158,2268,15424,63,1680,0.22,1496,Suitable with Caution
226,10970,29,7525,1120,26722,76,1248,0.22,2325,Suitable
227,9718,42,4546,1121,10606,69,1224,0.24,4051,Suitable
228,10544,67,5712,2304,9368,100,860,0.3,2528,Suitable
229,18374,15,9555,3452,6942,54,2757,0.34,5367,Suitable with Caution
230,22009,74,13171,5450,11503,66,2959,0.38,3388,Suitable with Caution
231,16302,61,7975,3717,8183,71,1686,0.33,4610,Suitable
232,16256,39,10328,4417,1508,42,2105,0.4,1511,Suitable with Caution
233,24988,77,9608,1626,22277,55,2299,0.16,13754,Suitable with Caution
234,4755,6,3229,1024,1360,85,1633,0.56,502,Not Suitable
235,13047,65,5143,1962,9903,61,1155,0.24,5942,Suitable
236,7463,75,4976,1132,6188,83,2435,0.48,1355,Suitable with Caution
237,20984,53,13533,1132,6321,56,937,0.1,6319,Suitable with Caution
238,23213,74,9638,7822,22804,51,460,0.36,5753,Suitable with Caution
239,7728,80,4674,810,23718,66,1841,0.34,2244,Suitable
240,21785,32,16768,1200,5152,71,2921,0.19,3817,Suitable
241,17430,6,10139,5271,19091,85,1864,0.41,2020,Suitable with Caution
242,23949,78,12536,4543,3058,70,2643,0.3,6870,Suitable
243,14571,70,8660,4219,8518,88,313,0.31,1692,Suitable
244,19625,61,7583,7465,15054,66,2731,0.52,4577,Not Suitable
245,10484,32,3758,3212,23882,86,2731,0.57,3514,Not Suitable
246,16572,8,11579,5704,16032,74,1523,0.44,-711,Not Suitable
247,16437,48,9727,3758,17220,54,1117,0.3,2952,Suitable with Caution
248,24428,24,13658,6718,17041,51,2615,0.38,4052,Suitable with Caution
249,14621,23,6138,4836,5828,84,1807,0.45,3647,Suitable with Caution
250,20389,59,7357,6707,23337,82,2606,0.46,6325,Suitable with Caution
251,20294,42,10457,613,9833,58,489,0.05,9224,Suitable with Caution
252,17223,51,11294,4274,10239,56,2894,0.42,1655,Suitable with Caution
253,18780,66,13271,681,29027,78,810,0.08,4828,Suitable
254,14195,25,8516,2095,14371,45,951,0.21,3584,Suitable with Caution
255,4531,68,2511,1456,16144,71,1339,0.62,564,Not Suitable
256,12317,44,5424,751,3972,72,393,0.09,6142,Suitable
257,13928,38,6357,751,16009,44,1626,0.17,6820,Suitable with Caution
258,7097,28,4264,2756,23283,100,2628,0.76,77,Not Suitable
259,20256,17,7852,4098,3599,62,2924,0.35,8306,Suitable
260,16152,23,8201,634,1620,87,2522,0.2,7317,Suitable
261,22856,75,15602,697,12009,73,2648,0.15,6557,Suitable
262,10633,30,3979,3505,4958,62,2686,0.58,3149,Not Suitable
263,6098,71,2332,2043,7182,99,706,0.45,1723,Suitable with Caution
264,18844,69,8381,7494,17289,44,2655,0.54,2969,Not Suitable
265,18034,20,7918,3994,17971,74,2003,0.33,6122,Suitable
266,17633,51,8122,2534,18354,48,455,0.17,6977,Suitable with Caution
267,12853,22,7827,4624,6909,75,2545,0.56,402,Not Suitable
268,17000,38,8600,4885,4585,75,1511,0.38,3515,Suitable with Caution
269,11827,9,9309,2098,28269,49,979,0.26,420,Not Suitable
270,12163,31,8191,1173,26480,46,1428,0.21,2799,Suitable with Caution
271,5066,9,2338,1679,6377,59,1593,0.65,1049,Not Suitable
272,9657,26,5747,119,5350,73,1834,0.2,3791,Suitable
273,14520,5,11554,174,22652,56,2115,0.16,2792,Suitable with Caution
274,23117,48,12158,1402,24861,79,2382,0.16,9557,Suitable
275,6436,17,3188,1916,3297,99,2939,0.75,1332,Not Suitable
276,19893,17,13436,843,22629,79,2881,0.19,5614,Suitable
277,7127,53,3178,597,9087,69,969,0.22,3352,Suitable
278,12027,70,8011,4216,8212,64,2453,0.55,-200,Not Suitable
279,6591,69,4305,2214,4946,63,572,0.42,72,Not Suitable
280,12388,78,8650,1658,23532,43,1655,0.27,2080,Suitable with Caution
281,5052,48,2100,93,19517,59,1030,0.22,2859,Suitable with Caution
282,19064,29,14576,6714,14293,62,1595,0.44,-2226,Not Suitable
283,5837,58,3902,1831,3666,61,427,0.39,104,Not Suitable
284,20856,77,8078,5788,13729,58,2798,0.41,6990,Suitable with Caution
285,11566,45,4126,774,5679,45,1234,0.17,6666,Suitable with Caution
286,23859,74,15080,3717,23941,50,1764,0.23,5062,Suitable with Caution
287,7290,21,5031,934,25807,90,2000,0.4,1325,Suitable with Caution
288,13554,49,7054,5180,24761,42,677,0.43,1320,Suitable with Caution
289,6730,77,2709,381,15078,67,1619,0.3,3640,Suitable
290,18146,15,8570,1618,16524,83,709,0.13,7958,Suitable
291,7969,17,5531,15,28682,54,1270,0.16,2423,Suitable with Caution
292,19572,51,7654,3979,26044,50,1964,0.3,7939,Suitable with Caution
293,23460,64,12637,9213,4491,91,1293,0.45,1610,Suitable with Caution
294,11271,10,5901,4055,19612,78,2876,0.61,1315,Not Suitable
295,19924,36,15165,4522,3784,58,1984,0.33,237,Not Suitable
296,20916,55,11679,2833,29630,76,759,0.17,6404,Suitable
297,7756,40,5763,2161,21998,67,2451,0.59,-168,Not Suitable
298,17515,15,9604,1053,18351,93,2610,0.21,6858,Suitable
299,11870,53,6572,2867,7638,98,1855,0.4,2431,Suitable with Caution
300,18743,37,12954,4011,21189,66,2760,0.36,1778,Suitable with Caution
301,12935,75,8195,1885,24981,70,2732,0.36,2855,Suitable with Caution
302,14311,60,8132,4857,21589,67,1332,0.43,1322,Suitable with Caution
303,9965,9,5703,2952,3131,85,1853,0.48,1310,Suitable with Caution
304,16215,25,5920,3922,26139,63,838,0.29,6373,Suitable
305,16700,16,12274,5816,16362,86,2117,0.48,-1390,Not Suitable
306,19981,8,9295,2628,22217,82,1877,0.23,8058,Suitable
307,5268,12,3516,1694,14618,84,1060,0.52,58,Not Suitable
308,6802,69,5045,710,6403,69,323,0.15,1047,Suitable with Caution
309,23223,71,16787,5919,13159,64,2410,0.36,517,Suitable with Caution
310,16840,28,13411,1427,26139,71,2018,0.2,2002,Suitable
311,10452,61,4134,194,8218,62,1973,0.21,6124,Suitable
312,4403,46,3327,254,8730,62,2315,0.58,822,Not Suitable
313,22227,59,8041,2483,26516,97,1873,0.2,11703,Suitable
314,20556,13,9356,5161,16470,100,1973,0.35,6039,Suitable
315,23985,5,15621,4050,5746,49,509,0.19,4314,Suitable with Caution
316,12125,74,9638,1496,28693,66,2963,0.37,991,Suitable with Caution
317,12142,72,8936,3485,29065,68,2528,0.5,-279,Not Suitable
318,4151,19,2052,1399,21215,65,1636,0.73,700,Not Suitable
319,23875,18,11191,7464,21892,62,2292,0.41,5220,Suitable with Caution
320,12343,51,4948,3364,27312,79,1549,0.4,4031,Suitable with Caution
321,21922,30,10154,8718,6690,61,1584,0.47,3050,Suitable with Caution
322,14667,61,8769,611,27828,97,2764,0.23,5287,Suitable
323,13678,33,8430,5220,16439,55,2259,0.55,28,Not Suitable
324,24841,30,15145,7839,6690,75,2309,0.41,1857,Suitable with Caution
325,18048,34,7871,7156,22538,75,1797,0.5,3021,Suitable with Caution
326,15130,55,9255,4045,21514,83,1684,0.38,1830,Suitable with Caution
327,16560,42,11402,5691,21736,67,2471,0.49,-533,Not Suitable
328,6062,32,2152,1442,22270,64,1238,0.44,2468,Suitable with Caution
329,16776,7,11498,5999,29527,64,514,0.39,-721,Not Suitable
330,22650,71,12846,3231,18273,41,1996,0.23,6573,Suitable with Caution
331,7082,59,2747,1983,1659,90,520,0.35,2352,Suitable with Caution
332,10556,34,3769,3306,16166,47,1150,0.42,3481,Suitable with Caution
333,14568,66,9010,931,21326,49,1926,0.2,4627,Suitable with Caution
334,11795,48,6159,4082,9785,41,1965,0.51,1554,Not Suitable
335,5783,70,2355,1937,21030,85,1871,0.66,1491,Not Suitable
336,5988,40,2526,606,27477,76,905,0.25,2856,Suitable
337,13873,74,10833,5279,20044,70,744,0.43,-2239,Not Suitable
338,19517,8,12992,7551,13342,79,369,0.41,-1026,Not Suitable
339,19419,79,12375,6390,9483,66,1559,0.41,654,Suitable with Caution
340,4264,59,2227,619,21149,99,570,0.28,1418,Suitable with Caution
341,6689,63,3338,1902,5744,86,2047,0.59,1449,Not Suitable
342,23232,42,16437,7135,7558,90,1495,0.37,-340,Not Suitable
343,11375,23,9054,1786,10882,65,437,0.2,535,Suitable with Caution
344,6581,26,3916,2319,29316,89,1828,0.63,346,Not Suitable
345,11471,52,5376,2136,9192,74,1444,0.31,3959,Suitable
346,20698,53,7745,560,26449,46,2903,0.17,12393,Suitable with Caution
347,4882,54,3436,297,1975,54,2857,0.65,1149,Not Suitable
348,17165,72,10802,5340,9610,52,1148,0.38,1023,Suitable with Caution
349,22378,11,12657,7688,19288,82,936,0.39,2033,Suitable with Caution
350,20377,16,7726,3765,1364,51,1535,0.26,8886,Suitable with Caution
351,6874,59,4002,604,6881,100,821,0.21,2268,Suitable
352,5443,48,2411,1997,8894,98,832,0.52,1035,Not Suitable
353,13894,53,5686,229,3342,69,2209,0.18,7979,Suitable
354,8308,23,4070,1891,5597,86,2164,0.49,2347,Suitable with Caution
355,10645,59,7321,3355,29566,75,2932,0.59,-31,Not Suitable
356,8728,70,6314,1374,28135,57,2406,0.43,1040,Suitable with Caution
357,7155,19,5048,1362,15544,88,2876,0.59,745,Not Suitable
358,11463,54,8253,884,5833,85,2396,0.29,2326,Suitable
359,6511,17,3492,1469,24853,68,997,0.38,1550,Suitable with Caution
360,23996,8,16450,2399,11798,70,882,0.14,5147,Suitable
361,6023,12,3698,709,25874,88,2679,0.56,1616,Not Suitable
362,12942,27,8715,2743,11745,99,2703,0.42,1484,Suitable with Caution
363,9695,38,7361,2925,24561,85,2858,0.6,-591,Not Suitable
364,5960,48,3188,2043,22212,100,469,0.42,729,Suitable with Caution
365,6661,73,3561,2023,7494,71,1225,0.49,1077,Suitable with Caution
366,6350,8,3561,1566,24976,65,404,0.31,1223,Suitable with Caution
367,6456,28,4465,1355,26606,46,574,0.3,636,Suitable with Caution
368,4224,59,2597,300,26763,100,1656,0.46,1327,Suitable with Caution
369,13742,21,6504,3237,26902,52,1534,0.35,4001,Suitable with Caution
370,18460,30,14507,950,12533,99,2967,0.21,3003,Suitable
371,8784,44,6368,2479,10047,95,2245,0.54,-63,Not Suitable
372,9562,35,4792,1646,2051,48,2363,0.42,3124,Suitable with Caution
373,20197,54,9799,4021,8370,69,2086,0.3,6377,Suitable
374,13685,36,6213,1259,22466,61,1715,0.22,6213,Suitable
375,21782,20,12448,80,23408,78,1019,0.05,9254,Suitable
376,7629,64,4147,511,24388,40,888,0.18,2971,Suitable with Caution
377,11252,45,7634,2627,28005,74,2156,0.43,991,Suitable with Caution
378,4083,29,1598,1081,21264,59,2248,0.82,1404,Not Suitable
379,21685,54,15910,4649,12465,78,2806,0.34,1126,Suitable with Caution
380,5085,10,2438,1633,14844,55,2364,0.79,1014,Not Suitable
381,13197,47,8249,4265,23193,61,2136,0.49,683,Suitable with Caution
382,21432,43,7700,1527,29918,46,2079,0.17,12205,Suitable with Caution
383,17406,58,12808,1869,1842,82,2947,0.28,2729,Suitable
384,15843,68,6092,3108,23491,69,1976,0.32,6643,Suitable
385,15752,55,9004,3067,29960,75,430,0.22,3681,Suitable
386,18319,41,9505,3481,24131,71,1614,0.28,5333,Suitable
387,24386,58,19506,9522,4334,40,2855,0.51,-4642,Not Suitable
388,15673,79,12132,6084,4818,86,2605,0.55,-2543,Not Suitable
389,4425,53,2971,1748,12956,77,1314,0.69,-294,Not Suitable
390,21435,6,12232,5728,6906,70,2249,0.37,3475,Suitable with Caution
391,11587,39,8293,387,11032,86,2213,0.22,2907,Suitable
392,19395,54,8537,5546,2040,57,450,0.31,5312,Suitable with Caution
393,7876,19,3444,864,22977,92,2814,0.47,3568,Suitable with Caution
394,16780,61,10983,5682,1911,70,1560,0.43,115,Not Suitable
395,12069,72,5034,785,4013,60,2473,0.27,6250,Suitable with Caution
396,21701,44,12148,443,29263,66,2265,0.12,9110,Suitable
397,8445,43,5273,694,11324,51,1117,0.21,2478,Suitable with Caution
398,15057,29,6179,2285,2340,43,1662,0.26,6593,Suitable with Caution
399,17585,67,13544,2556,7597,52,1335,0.22,1485,Suitable with Caution
400,6893,77,5144,1294,19768,58,1277,0.37,455,Not Suitable
401,17140,45,11973,834,24055,70,943,0.1,4333,Suitable
402,14920,35,6258,1662,11551,78,2604,0.29,7000,Suitable
403,13633,55,7582,2240,2787,76,1837,0.3,3811,Suitable
404,17471,73,7980,55,8096,91,2610,0.15,9436,Suitable
405,10092,29,6025,1958,8326,68,2564,0.45,2109,Suitable with Caution
406,17452,75,12250,4648,5320,90,2095,0.39,554,Suitable with Caution
407,20221,42,14620,6893,27265,70,842,0.38,-1292,Not Suitable
408,17791,23,7650,3628,7435,53,2663,0.35,6513,Suitable with Caution
409,9234,71,7082,2808,4012,97,1534,0.47,-656,Not Suitable
410,6239,74,2818,2198,11787,88,2211,0.71,1223,Not Suitable
411,17328,16,7924,2051,8197,65,1348,0.2,7353,Suitable
412,5491,53,4224,1888,12456,60,2959,0.88,-621,Not Suitable
413,9956,26,5796,974,26150,41,2928,0.39,3186,Suitable with Caution
414,12090,68,7590,69,12079,80,1710,0.15,4431,Suitable
415,21899,60,11896,769,23888,60,2046,0.13,9234,Suitable with Caution
416,22005,26,14953,5783,7429,95,1288,0.32,1269,Suitable with Caution
417,8753,63,5590,2393,7576,71,2304,0.54,770,Not Suitable
418,7416,75,3843,584,5560,89,1530,0.29,2989,Suitable
419,24049,18,12523,4516,2183,77,2717,0.3,7010,Suitable
420,14961,71,10433,1124,6298,90,1502,0.18,3404,Suitable
421,15170,41,11037,1084,2105,74,371,0.1,3049,Suitable
422,9251,14,4618,969,29473,45,2043,0.33,3664,Suitable with Caution
423,14785,51,9615,1140,3858,82,1259,0.16,4030,Suitable
424,15948,42,8984,1678,20215,94,1647,0.21,5286,Suitable
425,23295,18,15920,8539,13930,57,700,0.4,-1164,Not Suitable
426,12497,48,5190,941,6714,83,1387,0.19,6366,Suitable
427,5097,29,1934,787,23011,50,454,0.24,2376,Suitable with Caution
428,11443,8,6324,386,10576,92,602,0.09,4733,Suitable
429,18681,67,11132,7220,13629,48,1627,0.47,329,Not Suitable
430,8727,60,5048,1355,4800,48,2653,0.46,2324,Suitable with Caution
431,12970,70,6052,3354,18339,62,1974,0.41,3564,Suitable with Caution
432,10692,40,7988,1599,21766,83,1136,0.26,1105,Suitable with Caution
433,4770,78,3098,1160,5253,70,1541,0.57,512,Not Suitable
434,21161,54,8320,340,18023,76,352,0.03,12501,Suitable
435,20222,20,9380,3495,24752,45,550,0.2,7347,Suitable with Caution
436,20298,43,13370,7759,14291,98,2117,0.49,-831,Not Suitable
437,5518,17,2277,330,20768,44,727,0.19,2911,Suitable with Caution
438,13260,46,10094,3758,21784,40,769,0.34,-592,Not Suitable
439,11744,70,8618,2406,13883,68,2626,0.43,720,Suitable with Caution
440,19232,79,8834,5000,8627,46,888,0.31,5398,Suitable with Caution
441,9633,60,6483,570,10105,63,457,0.11,2580,Suitable
442,19939,59,14356,297,3514,68,1280,0.08,5286,Suitable
443,5197,60,3410,686,14414,81,515,0.23,1101,Suitable with Caution
444,6517,13,4202,1414,5386,92,1842,0.5,901,Suitable with Caution
445,7635,58,3868,2130,14839,48,2675,0.63,1637,Not Suitable
446,10279,26,7291,4005,15686,79,1842,0.57,-1017,Not Suitable
447,23361,73,8292,2282,3400,94,2891,0.22,12787,Suitable
448,18523,23,7372,3007,2267,76,1693,0.25,8144,Suitable
449,21611,37,13077,1629,3411,57,2284,0.18,6905,Suitable with Caution
450,12428,37,4445,646,27818,49,2545,0.26,7337,Suitable with Caution
451,16051,25,11265,892,8012,71,395,0.08,3894,Suitable
452,23885,65,8372,2224,21019,84,2343,0.19,13289,Suitable
453,6724,69,2465,227,21243,91,1603,0.27,4032,Suitable
454,14961,7,10817,1565,24819,92,1449,0.2,2579,Suitable
455,11815,79,8837,1441,16481,84,2436,0.33,1537,Suitable
456,23692,27,9917,1713,23166,69,2789,0.19,12062,Suitable
457,9658,42,4836,249,3340,67,517,0.08,4573,Suitable
458,12239,31,8029,65,25855,79,1242,0.11,4145,Suitable
459,13958,29,9817,1072,22113,70,2516,0.26,3069,Suitable
460,21168,10,16594,4252,21350,98,677,0.23,322,Not Suitable
461,24228,40,13765,3618,15548,71,2663,0.26,6845,Suitable
462,18165,68,9848,5132,15445,84,1016,0.34,3185,Suitable
463,19102,57,9559,5990,2229,85,558,0.34,3553,Suitable
464,12167,5,7882,3528,18188,62,2689,0.51,757,Not Suitable
465,16322,57,7461,6172,15770,96,2009,0.5,2689,Not Suitable
466,4155,30,2637,890,27462,58,809,0.41,628,Suitable with Caution
467,23317,55,15320,1392,25695,80,651,0.09,6605,Suitable
468,9267,43,4763,2068,16608,52,723,0.3,2436,Suitable with Caution
469,8770,39,5147,1856,13798,75,1396,0.37,1767,Suitable with Caution
470,10583,67,5056,583,20237,75,1875,0.23,4944,Suitable
471,17761,60,10373,1992,15031,97,2729,0.27,5396,Suitable
472,20173,56,11407,2513,8444,81,539,0.15,6253,Suitable
473,14945,17,7295,1807,3876,61,371,0.15,5843,Suitable
474,15690,60,11037,1413,19660,70,855,0.14,3240,Suitable
475,24681,33,9512,6771,5421,86,2455,0.37,8398,Suitable with Caution
476,9158,46,4664,390,4578,68,1118,0.16,4104,Suitable
477,5097,53,3633,1316,6911,80,2718,0.79,148,Not Suitable
478,22252,8,9908,4854,14135,90,1125,0.27,7490,Suitable
479,24076,51,16198,87,22106,60,906,0.04,7791,Suitable with Caution
480,15257,47,6134,4108,13567,82,1013,0.34,5015,Suitable
481,15504,8,6898,1402,9339,89,760,0.14,7204,Suitable
482,8812,7,4012,2965,6139,75,1397,0.5,1835,Suitable with Caution
483,7125,45,3589,1132,29454,44,1328,0.35,2404,Suitable with Caution
484,21536,80,10034,1259,9468,46,1422,0.12,10243,Suitable with Caution
485,18033,31,10632,2691,8703,82,2518,0.29,4710,Suitable
486,24230,46,9963,8330,23314,82,2526,0.45,5937,Suitable with Caution
487,18101,60,7935,2412,27209,52,510,0.16,7754,Suitable with Caution
488,5020,47,3101,1903,20953,69,509,0.48,16,Not Suitable
489,17693,62,7340,6846,26981,78,1612,0.48,3507,Suitable with Caution
490,23605,52,11098,7565,18765,62,640,0.35,4942,Suitable
491,15234,66,7230,4451,20974,68,1030,0.36,3553,Suitable with Caution
492,11121,75,6249,245,12317,81,2351,0.23,4627,Suitable
493,10555,28,7018,3370,5617,62,2900,0.59,167,Not Suitable
494,9746,34,7060,2252,12925,51,2905,0.53,434,Not Suitable
495,9245,30,3762,2710,7348,66,1010,0.4,2773,Suitable with Caution
496,6633,51,3683,2283,20139,41,1782,0.61,667,Not Suitable
497,23116,39,17827,5681,9888,82,2000,0.33,-392,Not Suitable
498,15946,79,8853,5422,16641,63,1450,0.43,1671,Suitable with Caution
499,5012,30,2155,609,4807,77,769,0.27,2248,Suitable
500,13774,50,10426,593,28025,88,2089,0.19,2755,Suitable
501,6709,55,3001,579,27569,89,1406,0.3,3129,Suitable
502,16503,76,10661,2671,3591,53,1649,0.26,3171,Suitable with Caution
503,20394,58,12998,2255,1590,68,1801,0.2,5141,Suitable
504,4493,49,3443,1114,16488,65,926,0.45,-64,Not Suitable
505,11001,69,7432,2679,14995,85,1720,0.4,890,Suitable with Caution
506,21348,42,10955,7135,12412,52,841,0.37,3258,Suitable with Caution
507,10053,21,5534,3761,2320,40,1475,0.52,758,Not Suitable
508,20249,8,16047,2248,23689,62,451,0.13,1954,Suitable
509,14310,18,7901,4363,22715,41,310,0.33,2046,Suitable with Caution
510,5410,59,3949,1350,7707,42,2467,0.71,111,Not Suitable
511,13017,7,7797,4967,11666,74,2408,0.57,253,Not Suitable
512,12311,18,9232,4251,18019,59,527,0.39,-1172,Not Suitable
513,13919,31,10210,4769,19018,45,1070,0.42,-1060,Not Suitable
514,21157,43,15559,1860,9443,93,1326,0.15,3738,Suitable
515,13311,73,5640,3778,16472,97,2153,0.45,3893,Suitable with Caution
516,11790,75,5654,702,14388,68,881,0.13,5434,Suitable
517,22969,78,18303,3186,13397,52,2735,0.26,1480,Suitable with Caution
518,4929,32,1972,1197,16819,82,2868,0.82,1760,Not Suitable
519,4001,26,2849,689,28319,84,637,0.33,463,Not Suitable
520,16184,50,6276,3708,17248,53,689,0.27,6200,Suitable with Caution
521,7341,25,3477,1685,11240,84,1966,0.5,2179,Suitable with Caution
522,5304,44,4219,571,5093,81,2214,0.53,514,Not Suitable
523,17647,45,13002,1482,18675,88,2695,0.24,3163,Suitable
524,18995,74,10379,2981,17688,87,2115,0.27,5635,Suitable
525,21440,78,9034,5567,4038,63,393,0.28,6839,Suitable
526,23632,17,11233,5411,5047,79,1644,0.3,6988,Suitable
527,15606,8,8976,3579,11083,72,1391,0.32,3051,Suitable
528,4865,59,2706,1463,15851,92,762,0.46,696,Suitable with Caution
529,16422,59,6253,1232,13381,51,2880,0.25,8937,Suitable with Caution
530,7798,47,3811,1338,19482,59,2797,0.53,2649,Not Suitable
531,7070,14,4422,792,16475,81,2101,0.41,1856,Suitable with Caution
532,20416,6,14634,7016,22003,62,2674,0.47,-1234,Not Suitable
533,17509,36,10519,6571,7368,63,978,0.43,419,Not Suitable
534,4986,27,2771,478,13794,70,2531,0.6,1737,Not Suitable
535,4399,72,3143,783,15559,40,2761,0.81,473,Not Suitable
536,18112,62,7082,3450,13764,65,1555,0.28,7580,Suitable
537,16072,68,7431,6064,19789,68,2377,0.53,2577,Not Suitable
538,9359,64,4306,423,14634,97,1529,0.21,4630,Suitable
539,16980,25,12730,4255,4804,90,2496,0.4,-5,Not Suitable
540,9155,10,6666,268,2180,70,1073,0.15,2221,Suitable
541,19707,44,11935,5280,17797,77,2921,0.42,2492,Suitable with Caution
542,4355,56,2445,1676,13658,72,2566,0.97,234,Not Suitable
543,13448,25,8682,3319,12722,71,1662,0.37,1447,Suitable with Caution
544,22013,67,11085,315,3174,51,2183,0.11,10613,Suitable with Caution
545,19125,58,14168,2142,25298,58,809,0.15,2815,Suitable with Caution
546,6997,37,4496,894,19492,81,691,0.23,1607,Suitable
547,7340,58,5168,1612,25667,90,1867,0.47,560,Suitable with Caution
548,21089,51,14218,5677,7894,58,1679,0.35,1194,Suitable with Caution
549,5886,57,4017,1368,12114,70,559,0.33,501,Suitable with Caution
550,16374,37,10861,3433,4597,42,506,0.24,2080,Suitable with Caution
551,8744,56,5149,932,21750,66,370,0.15,2663,Suitable
552,12125,29,5994,3593,13767,44,506,0.34,2538,Suitable with Caution
553,5656,10,3253,1372,7269,58,484,0.33,1031,Suitable with Caution
554,12972,75,7678,3782,7087,57,1948,0.44,1512,Suitable with Caution
555,11984,5,4973,4505,20311,75,1054,0.46,2506,Suitable with Caution
556,12477,11,8802,3175,26346,80,2447,0.45,500,Not Suitable
557,18873,57,10668,6088,7377,69,1447,0.4,2117,Suitable with Caution
558,18897,6,11677,4233,15077,69,575,0.25,2987,Suitable
559,20711,71,15799,7930,24096,53,1373,0.45,-3018,Not Suitable
560,4462,14,2836,740,4787,95,2305,0.68,886,Not Suitable
561,22860,59,15414,1476,13048,51,1147,0.11,5970,Suitable with Caution
562,14276,79,10244,4385,12128,88,393,0.33,-353,Not Suitable
563,16548,14,8225,4521,8571,83,1258,0.35,3802,Suitable
564,13107,62,7222,954,10764,100,2126,0.23,4931,Suitable
565,5013,29,3415,1649,7016,95,880,0.5,-51,Not Suitable
566,8870,11,4272,2381,1046,49,1249,0.41,2217,Suitable with Caution
567,15208,77,8260,1825,27489,59,2576,0.29,5123,Suitable with Caution
568,8294,64,3335,2478,14309,47,1139,0.44,2481,Suitable with Caution
569,24626,74,18606,5589,1810,70,2055,0.31,431,Not Suitable
570,11300,60,6662,2084,16144,84,490,0.23,2554,Suitable
571,18049,48,9542,691,16632,64,760,0.08,7816,Suitable
572,4297,41,1788,1501,18492,82,586,0.49,1008,Suitable with Caution
573,17007,57,8254,5112,20054,100,2129,0.43,3641,Suitable with Caution
574,23677,72,17060,5119,27568,92,1776,0.29,1498,Suitable with Caution
575,7972,48,4585,1502,27526,100,1102,0.33,1885,Suitable
576,11157,36,5897,1582,14654,71,586,0.19,3678,Suitable
577,16242,56,10029,3033,15397,41,2253,0.33,3180,Suitable with Caution
578,22458,24,9763,6746,14879,74,917,0.34,5949,Suitable
579,12014,27,5483,3697,6389,54,691,0.37,2834,Suitable with Caution
580,11564,34,4839,193,13341,85,1701,0.16,6532,Suitable
581,19849,41,15420,7738,15568,95,1008,0.44,-3309,Not Suitable
582,6708,68,4773,842,26285,87,1866,0.4,1093,Suitable with Caution
583,6563,9,4265,1177,25399,47,879,0.31,1121,Suitable with Caution
584,12613,78,7296,815,14651,53,1241,0.16,4502,Suitable with Caution
585,18360,43,10094,430,12557,72,979,0.08,7836,Suitable
586,20390,42,13135,7200,9421,87,876,0.4,55,Not Suitable
587,15972,58,6648,111,6595,52,360,0.03,9213,Suitable with Caution
588,18191,22,11320,1366,19766,73,2320,0.2,5505,Suitable
589,6295,40,2210,215,4667,40,2022,0.36,3870,Suitable with Caution
590,10579,29,3964,1498,2003,62,1801,0.31,5117,Suitable
591,16891,55,6735,4798,11907,75,2416,0.43,5358,Suitable with Caution
592,24925,70,12546,8980,28613,63,1980,0.44,3399,Suitable with Caution
593,8438,12,3151,596,2159,46,1403,0.24,4691,Suitable with Caution
594,20586,14,11025,7427,10277,47,1383,0.43,2134,Suitable with Caution
595,9361,14,4757,700,11442,99,2723,0.37,3904,Suitable with Caution
596,22492,6,11226,6063,14208,66,368,0.29,5203,Suitable
597,9975,24,5516,3501,3387,73,2738,0.63,958,Not Suitable
598,4838,44,3395,1591,24409,42,1528,0.64,-148,Not Suitable
599,13095,72,4784,3597,24536,83,386,0.3,4714,Suitable
600,24728,48,11774,3074,24127,84,467,0.14,9880,Suitable
601,22322,42,8876,3893,2826,63,2649,0.29,9553,Suitable
602,7532,23,3467,558,5492,57,488,0.14,3507,Suitable with Caution
603,22051,30,12262,1516,1935,74,2638,0.19,8273,Suitable
604,17349,51,9033,2675,13733,84,2964,0.33,5641,Suitable
605,22748,72,9543,7782,6427,80,1487,0.41,5423,Suitable with Caution
606,17041,6,13282,1010,8598,40,1895,0.17,2749,Suitable with Caution
607,14558,8,5740,801,28972,74,2100,0.2,8017,Suitable
608,20038,24,13977,1598,20190,43,608,0.11,4463,Suitable with Caution
609,22157,23,13215,4838,24418,64,1439,0.28,4104,Suitable
610,15760,36,9572,374,13096,82,1640,0.13,5814,Suitable
611,15905,34,6006,3458,29343,59,562,0.25,6441,Suitable with Caution
612,17105,11,10586,5757,4244,45,1317,0.41,762,Suitable with Caution
613,22545,67,15595,750,18803,82,377,0.05,6200,Suitable
614,19900,46,10398,1881,17559,74,1099,0.15,7621,Suitable
615,4542,22,1769,1522,29392,65,2593,0.91,1251,Not Suitable
616,12625,52,9285,4469,11060,49,2609,0.56,-1129,Not Suitable
617,19511,41,12001,7259,24038,95,1209,0.43,251,Not Suitable
618,21228,54,15884,6011,5985,50,1564,0.36,-667,Not Suitable
619,22842,54,11751,2165,20804,74,1871,0.18,8926,Suitable
620,11938,34,4443,1823,4074,99,511,0.2,5672,Suitable
621,13370,6,10486,3501,17405,43,2423,0.44,-617,Not Suitable
622,17723,24,14109,3571,15541,42,1810,0.3,43,Not Suitable
623,15005,32,8074,5446,23044,54,804,0.42,1485,Suitable with Caution
624,5758,76,4293,335,11654,45,2374,0.47,1130,Suitable with Caution
625,5045,45,1990,738,28850,77,671,0.28,2317,Suitable
626,18266,9,12721,1562,3720,65,1714,0.18,3983,Suitable
627,15343,23,6014,1000,1004,63,1823,0.18,8329,Suitable
628,13193,19,5040,2159,25757,53,1126,0.25,5994,Suitable with Caution
629,17321,52,10363,2834,8382,98,939,0.22,4124,Suitable
630,13577,9,8516,3831,14033,97,2023,0.43,1230,Suitable with Caution
631,16493,60,12768,668,12916,50,1867,0.15,3057,Suitable with Caution
632,8818,17,6896,3188,5803,68,2398,0.63,-1266,Not Suitable
633,4649,5,2616,213,22719,66,935,0.25,1820,Suitable
634,7920,73,3302,362,13496,95,771,0.14,4256,Suitable
635,7758,67,3410,769,11157,69,1303,0.27,3579,Suitable
636,11144,76,6127,3703,17439,67,1001,0.42,1314,Suitable with Caution
637,21209,41,15039,546,20321,80,1596,0.1,5624,Suitable
638,4767,6,3246,534,4344,80,1952,0.52,987,Not Suitable
639,16838,41,9082,1897,18467,54,2392,0.25,5859,Suitable with Caution
640,9875,55,7048,85,17121,76,2666,0.28,2742,Suitable
641,6425,33,3450,410,16629,73,314,0.11,2565,Suitable
642,4686,56,2882,213,24044,50,602,0.17,1591,Suitable with Caution
643,7649,63,4493,1709,11765,67,1865,0.47,1447,Suitable with Caution
644,12687,11,5298,2509,16089,42,1540,0.32,4880,Suitable with Caution
645,20297,64,15103,5905,14823,40,1480,0.36,-711,Not Suitable
646,7770,37,5047,1555,20418,92,350,0.25,1168,Suitable with Caution
647,10267,73,3660,1594,18622,61,2701,0.42,5013,Suitable with Caution
648,22156,80,16894,6234,16797,62,2050,0.37,-972,Not Suitable
649,10751,12,5076,349,13686,81,421,0.07,5326,Suitable
650,7255,42,2620,747,6066,96,1671,0.33,3888,Suitable
651,11137,65,4334,3836,28168,70,1603,0.49,2967,Suitable with Caution
652,16530,40,8498,1264,1537,50,2398,0.22,6768,Suitable with Caution
653,16536,47,5940,6130,21948,93,609,0.41,4466,Suitable with Caution
654,20111,32,11482,6504,25364,94,2239,0.43,2125,Suitable with Caution
655,23405,8,17055,6580,13344,42,755,0.31,-230,Not Suitable
656,12676,19,7193,1928,26276,94,2961,0.39,3555,Suitable with Caution
657,17917,10,13945,3219,26885,40,1078,0.24,753,Suitable with Caution
658,16244,50,6477,2837,21725,61,2205,0.31,6930,Suitable
659,23636,6,17100,3241,3623,93,2656,0.25,3295,Suitable
660,9260,75,3800,2226,8279,76,2958,0.56,3234,Not Suitable
661,15709,51,11732,6084,4471,69,1528,0.48,-2107,Not Suitable
662,14810,6,11328,5036,29076,47,2646,0.52,-1554,Not Suitable
663,21525,34,12184,6666,14656,49,2456,0.42,2675,Suitable with Caution
664,14717,45,9601,4540,24979,76,1886,0.44,576,Suitable with Caution
665,19322,80,14070,60,29319,86,909,0.05,5192,Suitable
666,22300,41,17821,8216,24375,96,2939,0.5,-3737,Not Suitable
667,11798,33,4852,1911,10555,84,848,0.23,5035,Suitable
668,8915,75,5478,3041,4294,54,1848,0.55,396,Not Suitable
669,13473,6,6175,38,7271,51,1612,0.12,7260,Suitable with Caution
670,17674,65,11196,5765,23591,85,1036,0.38,713,Suitable with Caution
671,7424,44,5150,810,11229,40,2287,0.42,1464,Suitable with Caution
672,12605,19,5870,1495,20079,68,1266,0.22,5240,Suitable
673,10279,63,5831,850,5396,100,1037,0.18,3598,Suitable
674,9625,22,6247,232,18992,89,2823,0.32,3146,Suitable
675,18730,31,6793,2163,5320,41,2774,0.26,9774,Suitable with Caution
676,16013,54,11502,4422,27323,87,2646,0.44,89,Not Suitable
677,9163,27,6808,188,5489,88,2631,0.31,2167,Suitable
678,4113,70,3261,1198,3678,41,1185,0.58,-346,Not Suitable
679,19716,61,14749,3391,5850,70,2568,0.3,1576,Suitable
680,22140,80,13121,927,7419,80,1191,0.1,8092,Suitable
681,21133,26,14929,4063,2532,82,1027,0.24,2141,Suitable
682,12079,51,8757,1155,4641,70,2265,0.28,2167,Suitable
683,23424,57,15374,3415,24918,44,890,0.18,4635,Suitable with Caution
684,15186,38,11789,3472,28285,63,830,0.28,-75,Not Suitable
685,5045,25,2569,1148,16829,82,377,0.3,1328,Suitable with Caution
686,8581,67,4914,2274,15822,48,2479,0.55,1393,Not Suitable
687,14881,70,5929,5720,24776,42,2897,0.58,3232,Not Suitable
688,17089,36,7455,5115,12631,64,2329,0.44,4519,Suitable with Caution
689,5265,9,2354,140,16413,56,1380,0.29,2771,Suitable with Caution
690,5544,61,3746,436,21964,90,1507,0.35,1362,Suitable with Caution
691,12752,5,6902,4642,1873,87,931,0.44,1208,Suitable with Caution
692,8346,53,3613,849,6937,87,2139,0.36,3884,Suitable with Caution
693,12970,26,9300,417,22039,54,1609,0.16,3253,Suitable with Caution
694,19076,30,10415,3852,4873,48,413,0.22,4809,Suitable with Caution
695,21463,11,11797,133,14341,43,2885,0.14,9533,Suitable with Caution
696,21975,9,11034,8021,4043,54,2263,0.47,2920,Suitable with Caution
697,16668,16,8802,5813,29243,86,511,0.38,2053,Suitable with Caution
698,11407,55,8170,2973,27715,87,1425,0.39,264,Not Suitable
699,19029,23,14020,2073,19154,40,2491,0.24,2936,Suitable with Caution
700,7933,23,4177,2051,5400,66,1146,0.4,1705,Suitable with Caution
701,6404,20,2649,2421,3780,56,445,0.45,1334,Suitable with Caution
702,8301,45,6280,507,11457,88,1515,0.24,1514,Suitable
703,23722,9,11359,6028,6913,52,937,0.29,6335,Suitable with Caution
704,5890,5,3983,609,10408,69,2331,0.5,1298,Suitable with Caution
705,21277,49,16162,1953,22042,80,873,0.13,3162,Suitable
706,9855,58,6902,3755,21068,85,2994,0.68,-802,Not Suitable
707,7752,18,5603,2307,11452,72,2812,0.66,-158,Not Suitable
708,15667,21,10887,5082,19567,58,2752,0.5,-302,Not Suitable
709,18038,73,13494,6859,20711,67,813,0.43,-2315,Not Suitable
710,5557,9,3646,2203,9890,91,2830,0.91,-292,Not Suitable
711,5817,65,2350,2133,23971,95,304,0.42,1334,Suitable with Caution
712,24041,20,18649,5419,22004,50,1293,0.28,-27,Not Suitable
713,6998,36,2564,1840,22716,54,708,0.36,2594,Suitable with Caution
714,14821,72,11757,717,7488,59,1894,0.18,2347,Suitable with Caution
715,12992,21,8749,2443,7271,54,2474,0.38,1800,Suitable with Caution
716,18738,72,10387,1805,15527,50,1075,0.15,6546,Suitable with Caution
717,8236,66,5069,2095,20305,90,1864,0.48,1072,Suitable with Caution
718,7793,10,3144,1345,13118,77,1546,0.37,3304,Suitable with Caution
719,15241,28,10697,3616,20245,98,2893,0.43,928,Suitable with Caution
720,21967,42,13392,8347,23505,99,439,0.4,228,Not Suitable
721,12546,22,4899,3980,25439,79,657,0.37,3667,Suitable with Caution
722,24394,67,10045,2292,5621,87,2307,0.19,12057,Suitable
723,22396,72,11683,6038,10926,78,1259,0.33,4675,Suitable
724,22415,50,8018,3781,21578,57,984,0.21,10616,Suitable with Caution
725,5750,68,2141,1703,7853,88,344,0.36,1906,Suitable with Caution
726,18205,37,8958,3414,13598,53,2257,0.31,5833,Suitable with Caution
727,17811,21,8231,2061,21011,92,1351,0.19,7519,Suitable
728,17937,70,12215,3280,12380,79,2138,0.3,2442,Suitable
729,21953,27,12442,5679,10037,64,1936,0.35,3832,Suitable
730,7254,54,3419,1070,3722,52,2160,0.45,2765,Suitable with Caution
731,22139,76,9418,775,28117,85,2714,0.16,11946,Suitable
732,19267,48,8019,4865,1309,76,1819,0.35,6383,Suitable
733,8717,35,3218,810,17975,76,697,0.17,4689,Suitable
734,24961,5,13600,5225,2360,92,1813,0.28,6136,Suitable
735,5343,27,2255,2070,7334,95,2742,0.9,1018,Not Suitable
736,16154,26,6222,2898,26710,43,980,0.24,7034,Suitable with Caution
737,9321,34,4701,2251,29375,62,1409,0.39,2369,Suitable with Caution
738,11655,53,7628,580,18670,46,1410,0.17,3447,Suitable with Caution
739,10196,48,7467,713,11819,62,1847,0.25,2016,Suitable
740,14423,26,8743,5190,27656,53,326,0.38,490,Not Suitable
741,12675,8,7420,613,13605,100,1315,0.15,4642,Suitable
742,4507,44,3054,248,8705,45,2922,0.7,1205,Not Suitable
743,6739,57,3004,610,23982,48,650,0.19,3125,Suitable with Caution
744,22922,80,14906,4642,13762,68,843,0.24,3374,Suitable
745,18600,50,10624,4842,12497,53,2022,0.37,3134,Suitable with Caution
746,4160,69,2356,596,12852,69,1684,0.55,1208,Not Suitable
747,15031,57,8915,2211,16357,62,1788,0.27,3905,Suitable
748,19568,31,12636,6594,26359,41,817,0.38,338,Not Suitable
749,7638,44,4854,1236,8806,81,2026,0.43,1548,Suitable with Caution
750,20814,17,7338,8104,23874,90,1004,0.44,5372,Suitable with Caution
751,15546,9,5898,731,27719,70,1915,0.17,8917,Suitable
752,23344,77,18417,7771,29741,63,1756,0.41,-2844,Not Suitable
753,9714,19,6080,2502,17581,55,1488,0.41,1132,Suitable with Caution
754,15317,35,5589,2263,5100,100,2320,0.3,7465,Suitable
755,16340,46,6566,5597,6616,64,919,0.4,4177,Suitable with Caution
756,20031,54,7153,5766,19179,98,1078,0.34,7112,Suitable
757,7365,57,5096,1979,25317,93,2036,0.55,290,Not Suitable
758,24351,50,11280,2611,12221,47,968,0.15,10460,Suitable with Caution
759,5344,16,3524,1668,17348,81,2649,0.81,152,Not Suitable
760,13801,75,8570,3240,14961,64,602,0.28,1991,Suitable
761,16550,18,9408,1374,13909,83,2701,0.25,5768,Suitable
762,22724,73,10196,8337,21497,98,2944,0.5,4191,Suitable with Caution
763,23984,60,9902,796,5089,63,2448,0.14,13286,Suitable
764,7500,77,5381,691,17070,94,2397,0.41,1428,Suitable with Caution
765,11424,6,6310,1156,15258,68,1074,0.2,3958,Suitable
766,24232,24,16202,6056,28451,62,1424,0.31,1974,Suitable
767,11670,75,4468,2700,18085,49,909,0.31,4502,Suitable with Caution
768,18925,49,9588,5152,20214,73,980,0.32,4185,Suitable
769,11974,47,7782,4090,20036,80,2176,0.52,102,Not Suitable
770,12097,60,8738,2439,29727,98,1174,0.3,920,Suitable with Caution
771,15143,48,6996,5218,25273,49,2109,0.48,2929,Suitable with Caution
772,10441,27,8036,3368,1463,48,2023,0.52,-963,Not Suitable
773,10929,57,6250,2064,27160,71,309,0.22,2615,Suitable
774,19243,79,13902,135,25095,60,638,0.04,5206,Suitable with Caution
775,9795,75,3550,1078,29482,66,2911,0.41,5167,Suitable with Caution
776,11581,25,4624,723,20512,82,867,0.14,6234,Suitable
777,11467,80,8179,3937,8873,83,1768,0.5,-649,Not Suitable
778,4514,32,3561,800,26805,100,1339,0.47,153,Not Suitable
779,10901,18,8425,172,12837,40,1258,0.13,2304,Suitable with Caution
780,18214,41,10818,5017,6709,54,1759,0.37,2379,Suitable with Caution
781,22194,32,11263,1783,21311,97,362,0.1,9148,Suitable
782,7251,62,4766,1503,3302,81,2692,0.58,982,Not Suitable
783,8328,15,3669,2093,22676,61,1650,0.45,2566,Suitable with Caution
784,11726,54,5679,3815,26332,89,365,0.36,2232,Suitable with Caution
785,15153,48,10654,5580,16196,54,1679,0.48,-1081,Not Suitable
786,7895,16,5972,1350,8770,41,1537,0.37,573,Suitable with Caution
787,8813,50,4563,2102,10388,87,550,0.3,2148,Suitable
788,11546,69,7476,1435,20359,92,1447,0.25,2635,Suitable
789,24101,57,10882,2174,29893,62,1593,0.16,11045,Suitable
790,20769,17,10015,2152,11228,81,1164,0.16,8602,Suitable
791,4081,32,1761,555,8325,84,722,0.31,1765,Suitable
792,4657,61,2766,1740,17807,50,843,0.55,151,Not Suitable
793,22782,75,10479,6476,4582,73,2856,0.41,5827,Suitable with Caution
794,8747,37,3327,89,21887,73,645,0.08,5331,Suitable
795,24275,67,14261,5487,24726,88,2642,0.33,4527,Suitable
796,9393,57,5061,2131,7462,87,2910,0.54,2201,Not Suitable
797,15016,16,8882,5396,18612,61,1868,0.48,738,Suitable with Caution
798,4044,40,3112,772,13367,91,2268,0.75,160,Not Suitable
799,6566,27,4763,1920,1752,70,641,0.39,-117,Not Suitable
800,7885,54,4408,1254,19224,49,1610,0.36,2223,Suitable with Caution
801,13394,46,4886,2306,16730,100,334,0.2,6202,Suitable
802,19600,5,11383,5527,14784,42,2127,0.39,2690,Suitable with Caution
803,9276,14,6611,1334,11167,82,384,0.19,1331,Suitable with Caution
804,18104,12,7733,6306,21419,86,1957,0.46,4065,Suitable with Caution
805,10325,24,4971,751,10839,64,773,0.15,4603,Suitable
806,8627,5,5331,2207,1725,98,2441,0.54,1089,Not Suitable
807,5703,40,2863,484,19910,42,2770,0.57,2356,Not Suitable
808,11737,54,7724,4385,2665,76,720,0.43,-372,Not Suitable
809,11927,26,5014,1674,4446,85,1467,0.26,5239,Suitable
810,5771,41,2878,958,8493,51,1356,0.4,1935,Suitable with Caution
811,21059,36,13988,7337,3528,100,1007,0.4,-266,Not Suitable
812,20636,73,13667,1470,24999,48,2360,0.19,5499,Suitable with Caution
813,20810,36,8159,70,16441,99,1014,0.05,12581,Suitable
814,22805,24,9619,4597,21333,75,1737,0.28,8589,Suitable
815,8982,24,3165,1946,7800,82,1366,0.37,3871,Suitable with Caution
816,9786,39,4350,2850,23908,86,2065,0.5,2586,Not Suitable
817,16105,60,11976,4074,29788,56,1063,0.32,55,Not Suitable
818,17941,78,7363,5769,5178,55,1976,0.43,4809,Suitable with Caution
819,19355,41,7228,3739,5545,67,537,0.22,8388,Suitable
820,15708,29,7265,1047,19771,48,1890,0.19,7396,Suitable with Caution
821,18637,16,12608,4070,10571,56,1099,0.28,1959,Suitable with Caution
822,19190,50,9258,3788,18347,59,2865,0.35,6144,Suitable with Caution
823,23231,42,13564,9132,1357,73,2111,0.48,535,Suitable with Caution
824,21770,72,16598,6257,24364,47,1809,0.37,-1085,Not Suitable
825,10993,74,5311,702,18669,53,1697,0.22,4980,Suitable with Caution
826,20697,23,15175,2873,25699,55,2484,0.26,2649,Suitable with Caution
827,24988,47,19173,2982,10207,44,402,0.14,2833,Suitable with Caution
828,9620,77,5326,180,12413,41,1977,0.22,4114,Suitable with Caution
829,9931,54,7866,1306,10421,75,674,0.2,759,Suitable with Caution
830,7790,42,4332,2953,3290,62,2981,0.76,505,Not Suitable
831,15919,75,9568,591,7846,95,2411,0.19,5760,Suitable
832,14650,17,11216,4698,23169,84,1376,0.41,-1264,Not Suitable
833,10921,59,5715,956,21144,67,2642,0.33,4250,Suitable
834,11195,32,7257,639,18021,74,522,0.1,3299,Suitable
835,9965,60,5780,2064,6588,82,492,0.26,2121,Suitable
836,11473,77,7879,2160,29325,53,2069,0.37,1434,Suitable with Caution
837,18721,64,11452,424,25835,65,546,0.05,6845,Suitable
838,23673,47,18458,3777,2565,49,1729,0.23,1438,Suitable with Caution
839,7297,35,2913,1546,21148,51,2293,0.53,2838,Not Suitable
840,8935,34,5172,42,19169,97,2122,0.24,3721,Suitable
841,16071,33,10313,5008,10292,99,2675,0.48,750,Suitable with Caution
842,24330,38,11020,3293,9093,90,856,0.17,10017,Suitable
843,20812,14,8129,5039,9089,77,2699,0.37,7644,Suitable with Caution
844,13979,21,9911,3525,6350,51,1114,0.33,543,Suitable with Caution
845,4976,26,1806,1286,12573,97,1061,0.47,1884,Suitable with Caution
846,10776,62,7409,2058,25700,89,900,0.27,1309,Suitable with Caution
847,7278,45,5385,1644,3017,93,2061,0.51,249,Not Suitable
848,6391,23,2996,506,21555,55,1046,0.24,2889,Suitable with Caution
849,16752,74,12214,1870,9990,76,2861,0.28,2668,Suitable
850,5587,77,2925,2073,8719,60,2265,0.78,589,Not Suitable
851,8681,43,6163,952,17324,98,888,0.21,1566,Suitable
852,4217,80,3088,1431,16999,41,1633,0.73,-302,Not Suitable
853,8582,25,6279,2024,13329,42,533,0.3,279,Not Suitable
854,4223,58,2424,1059,1456,72,1393,0.58,740,Not Suitable
855,9848,43,5891,3271,22809,51,1604,0.5,686,Suitable with Caution
856,19724,57,7526,725,11692,81,1418,0.11,11473,Suitable
857,4557,62,2944,472,28727,80,1530,0.44,1141,Suitable with Caution
858,9871,21,7395,1528,9798,99,1208,0.28,948,Suitable with Caution
859,20252,72,9887,1896,21894,99,989,0.14,8469,Suitable
860,21918,21,12264,6333,27811,54,2537,0.4,3321,Suitable with Caution
861,5757,70,2669,552,29189,53,1406,0.34,2536,Suitable with Caution
862,12528,37,6649,884,29061,94,683,0.13,4995,Suitable
863,16307,43,7696,4288,26926,66,1143,0.33,4323,Suitable
864,8264,13,6091,1973,8492,48,2353,0.52,200,Not Suitable
865,11266,55,7366,61,10858,53,1631,0.15,3839,Suitable with Caution
866,7294,35,5191,1724,17288,44,461,0.3,379,Not Suitable
867,11908,18,6913,1927,9376,53,861,0.23,3068,Suitable with Caution
868,10616,51,6789,279,18931,90,2782,0.29,3548,Suitable
869,18699,55,13198,4768,11040,85,1748,0.35,733,Suitable with Caution
870,7011,15,2712,779,1641,87,1383,0.31,3520,Suitable
871,11182,12,5929,851,17742,89,2155,0.27,4402,Suitable
872,15940,61,5648,1980,10151,42,2283,0.27,8312,Suitable with Caution
873,20829,9,12999,3643,7989,55,2782,0.31,4187,Suitable with Caution
874,7971,56,4112,2519,21939,80,895,0.43,1340,Suitable with Caution
875,9210,50,4338,2921,3904,57,2046,0.54,1951,Not Suitable
876,23451,8,8937,6644,20576,85,461,0.3,7870,Suitable
877,11750,10,8666,2656,18426,82,1327,0.34,428,Not Suitable
878,22034,27,17096,871,23963,68,2814,0.17,4067,Suitable
879,7676,33,3829,3012,7354,89,695,0.48,835,Suitable with Caution
880,8392,36,3407,2921,4210,74,1353,0.51,2064,Not Suitable
881,23743,16,9324,1092,21139,92,1007,0.09,13327,Suitable
882,20018,8,9623,1385,25956,64,839,0.11,9010,Suitable
883,17592,18,11113,4322,12826,60,1540,0.33,2157,Suitable with Caution
884,4341,51,2390,1147,1366,43,2580,0.86,804,Not Suitable
885,23856,44,18718,1855,7031,56,304,0.09,3283,Suitable with Caution
886,10859,17,6550,1824,8025,44,1776,0.33,2485,Suitable with Caution
887,19185,10,13308,5547,28744,67,2399,0.41,330,Not Suitable
888,22348,10,16239,3948,4780,67,736,0.21,2161,Suitable
889,4043,61,1903,107,18391,94,2137,0.56,2033,Not Suitable
890,9966,63,6065,3566,9426,65,1324,0.49,335,Not Suitable
891,5688,34,3217,266,16752,92,780,0.18,2205,Suitable
892,19786,26,12710,5851,24282,66,1244,0.36,1225,Suitable with Caution
893,13498,59,7175,3634,4021,82,1485,0.38,2689,Suitable with Caution
894,6917,36,3814,2555,1281,77,1941,0.65,548,Not Suitable
895,11560,28,4594,1021,4358,49,1260,0.2,5945,Suitable with Caution
896,11370,70,4526,1520,18098,83,1975,0.31,5324,Suitable
897,10407,71,6329,2508,1815,73,1648,0.4,1570,Suitable with Caution
898,9266,36,4688,2350,27918,73,2370,0.51,2228,Not Suitable
899,13390,62,9805,3534,27821,100,893,0.33,51,Not Suitable
900,5988,31,2406,653,11786,88,1366,0.34,2929,Suitable
901,22824,76,12881,443,8432,89,991,0.06,9500,Suitable
902,8406,70,6509,5,4704,95,2185,0.26,1892,Suitable
903,13097,73,10351,3620,13474,56,490,0.31,-874,Not Suitable
904,17403,24,11056,625,11732,68,1807,0.14,5722,Suitable
905,23243,52,13727,4890,2105,45,1390,0.27,4626,Suitable with Caution
906,20454,17,13039,4364,11109,69,2852,0.35,3051,Suitable with Caution
907,5914,8,2616,680,2809,83,1404,0.35,2618,Suitable with Caution
908,6083,13,4373,1314,6357,93,342,0.27,396,Not Suitable
909,8473,28,6031,2454,20684,62,1627,0.48,-12,Not Suitable
910,8979,11,6809,2302,5594,76,2739,0.56,-132,Not Suitable
911,11571,41,9237,2665,22006,49,2308,0.43,-331,Not Suitable
912,7716,75,5235,3039,21018,52,2302,0.69,-558,Not Suitable
913,23982,27,13124,4445,27949,85,1298,0.24,6413,Suitable
914,9707,12,5548,1441,20690,74,1862,0.34,2718,Suitable
915,24150,60,14052,8703,24505,58,877,0.4,1395,Suitable with Caution
916,22731,54,14014,3166,19329,75,1342,0.2,5551,Suitable
917,10570,12,8268,275,5173,68,1478,0.17,2027,Suitable
918,16084,20,6617,5836,10213,73,2514,0.52,3631,Not Suitable
919,20348,12,7698,4554,9471,73,572,0.25,8096,Suitable
920,6202,46,4329,2059,25095,87,2369,0.71,-186,Not Suitable
921,4639,33,2561,980,27810,55,738,0.37,1098,Suitable with Caution
922,14883,9,9526,4967,14831,58,2549,0.51,390,Not Suitable
923,5534,34,4343,38,19156,41,537,0.1,1153,Suitable with Caution
924,8993,16,5702,2258,5474,77,2009,0.47,1033,Suitable with Caution
925,23979,18,13667,957,14484,59,372,0.06,9355,Suitable with Caution
926,15767,56,6878,3002,17477,75,1410,0.28,5887,Suitable
927,5373,30,3449,1228,15006,68,730,0.36,696,Suitable with Caution
928,19351,19,14001,3012,23526,79,2234,0.27,2338,Suitable
929,15118,23,8882,3021,10461,100,2111,0.34,3215,Suitable
930,12830,16,5785,2376,20523,59,1416,0.3,4669,Suitable with Caution
931,23792,19,9025,7742,19121,93,588,0.35,7025,Suitable with Caution
932,13954,78,5503,1592,3580,55,467,0.15,6859,Suitable with Caution
933,11063,62,5445,1724,18252,86,541,0.2,3894,Suitable
934,9526,12,6281,1030,22340,93,2487,0.37,2215,Suitable with Caution
935,17419,6,11970,1114,12705,71,996,0.12,4335,Suitable
936,17303,14,6568,1761,21397,86,1523,0.19,8974,Suitable
937,14386,14,8732,5750,7974,69,2317,0.56,-96,Not Suitable
938,5726,25,3189,171,27795,59,2741,0.51,2366,Not Suitable
939,19637,21,15598,2992,7333,59,2557,0.28,1047,Suitable with Caution
940,24305,24,16888,483,14722,90,482,0.04,6934,Suitable
941,8172,11,3408,3195,19312,41,1149,0.53,1569,Not Suitable
942,15657,16,6961,3959,10672,51,2271,0.4,4737,Suitable with Caution
943,14921,49,8354,2772,21815,91,2528,0.36,3795,Suitable with Caution
944,6065,9,4258,2380,8348,62,1824,0.69,-573,Not Suitable
945,5445,71,2489,353,24961,75,1862,0.41,2603,Suitable with Caution
946,24213,19,12906,4753,22050,99,2683,0.31,6554,Suitable
947,6015,23,3570,1842,17519,51,321,0.36,603,Suitable with Caution
948,6088,62,3907,2423,25001,77,1416,0.63,-242,Not Suitable
949,22142,79,12581,3540,13207,64,2288,0.26,6021,Suitable
950,5371,49,2353,964,21758,54,2908,0.72,2054,Not Suitable
951,9647,49,6699,1049,25141,71,511,0.16,1899,Suitable
952,11459,28,8705,4207,6685,55,2687,0.6,-1453,Not Suitable
953,4504,46,2970,104,23301,62,1660,0.39,1430,Suitable with Caution
954,12881,67,6587,561,23648,92,731,0.1,5733,Suitable
955,8575,28,3244,883,10749,63,1067,0.23,4448,Suitable
956,9462,73,3736,250,16464,74,409,0.07,5476,Suitable
957,19587,59,14085,5839,4861,42,1402,0.37,-337,Not Suitable
958,15239,36,6965,2662,14968,51,1913,0.3,5612,Suitable with Caution
959,17674,75,9115,5499,18496,43,1067,0.37,3060,Suitable with Caution
960,15668,52,6872,5379,9440,63,2483,0.5,3417,Not Suitable
961,23328,78,11066,2236,23580,67,1862,0.18,10026,Suitable
962,18868,30,14946,4438,8004,53,2938,0.39,-516,Not Suitable
963,14492,73,5664,3758,25422,93,2032,0.4,5070,Suitable with Caution
964,17352,36,6876,2988,22259,92,2617,0.32,7488,Suitable
965,23300,71,12640,2882,4865,51,582,0.15,7778,Suitable with Caution
966,24059,10,17260,1017,2525,41,2893,0.16,5782,Suitable with Caution
967,13734,9,8150,4803,9624,94,507,0.39,781,Suitable with Caution
968,9054,45,6948,2640,23293,87,1497,0.46,-534,Not Suitable
969,23538,79,10464,4910,3545,68,2673,0.32,8164,Suitable
970,7330,55,2738,57,13290,67,2698,0.38,4535,Suitable with Caution
971,10747,53,5503,1491,16659,87,1266,0.26,3753,Suitable
972,24381,35,16368,8794,16248,73,1609,0.43,-781,Not Suitable
973,4389,53,2575,515,24065,48,806,0.3,1299,Suitable with Caution
974,7300,13,4425,2087,26888,47,1899,0.55,788,Not Suitable
975,20395,15,9224,4730,7472,67,1058,0.28,6441,Suitable
976,24118,54,16053,5560,14112,62,803,0.26,2505,Suitable
977,7269,63,2644,1734,6295,48,2254,0.55,2891,Not Suitable
978,24496,69,11959,1849,27618,96,2536,0.18,10688,Suitable
979,9671,76,3455,3762,27543,46,732,0.46,2454,Suitable with Caution
980,24921,43,13676,6221,3136,95,516,0.27,5024,Suitable
981,6077,58,3692,1311,22290,98,675,0.33,1074,Suitable with Caution
982,17526,11,7937,5170,27999,84,2259,0.42,4419,Suitable with Caution
983,21866,64,15188,2859,20348,74,1368,0.19,3819,Suitable
984,8031,21,3261,1798,21535,62,628,0.3,2972,Suitable
985,7048,55,4930,2354,13323,49,1920,0.61,-236,Not Suitable
986,20237,19,7090,5381,28112,40,611,0.3,7766,Suitable with Caution
987,18523,73,10014,1839,12259,92,719,0.14,6670,Suitable
988,14379,75,5648,877,17838,60,1560,0.17,7854,Suitable with Caution
989,20135,36,12995,944,7044,82,1192,0.11,6196,Suitable
990,20467,46,13926,390,15881,96,784,0.06,6151,Suitable
991,23571,50,15469,1707,1385,64,1446,0.13,6395,Suitable
992,20546,49,8465,73,10285,68,2622,0.13,12008,Suitable
993,23262,13,18130,2749,25315,96,2257,0.22,2383,Suitable
994,14436,49,7967,129,28561,52,1846,0.14,6340,Suitable with Caution
995,9108,37,3886,194,12015,41,1753,0.21,5028,Suitable with Caution
996,24577,78,19232,4855,17054,76,1400,0.25,490,Not Suitable
997,21306,66,13781,1060,10979,47,365,0.07,6465,Suitable with Caution
998,6678,62,3222,1122,1167,65,844,0.29,2334,Suitable
999,11012,10,8765,4236,19869,64,833,0.46,-1989,Not Suitable
1000,5632,69,4229,279,15134,63,1895,0.39,1124,Suitable with Caution
